user,weight,Height,index,BMI
0,62,165,ID_1,22.77318640955005
1,67,177,ID_2,21.38593635289987
2,55,168,ID_3,19.48696145124717
3,74,180,ID_4,22.839506172839506
